Class,Drink,Rank,"Amount(N(mean,std))",Quantity
A,7Up ,7,43.72046785,878.9483322
A,7Up ,7,60.29032445,764.9922178
A,7Up,7,109.8646069,750.5569628
A,7Up,7,491.8030416,508.926664
A,7Up,7,245.9943633,899.8077334
A,7Up,7,-33.1313797,545.3505051
A,7Up,7,199.4082257,955.8244575
A,7Up,7,-108.180154,528.5805841
A,7Up,7,-108.6540007,611.3773003
A,7Up,7,215.8032319,568.7734611
A,7Up,7,115.3991095,501.8768883
A,7Up,7,95.35612005,768.8222907
A,7Up,7,279.9103302,572.6493118
A,7Up,7,-34.77801986,686.8800928
A,7Up,7,322.6634024,998.2757042
A,7Up,7,425.5481715,658.3147679
A,7Up,7,326.3404895,976.3786737
A,7Up,7,350.6640158,635.13596
A,7Up,7,8.462086751,547.3189489
A,7Up,7,347.6717782,713.370159
A,7Up,7,86.27299647,553.132725
A,7Up,7,80.60775397,633.0759606
A,7Up,7,161.8092599,506.3936277
A,7Up,7,285.9075383,564.3482772
A,7Up,7,-69.07551981,554.689169
A,7Up,7,260.165655,747.0778527
A,7Up,7,-409.0114428,961.7603076
A,7Up,7,-64.39753381,846.4003418
A,7Up,7,118.454557,644.2762535
A,7Up,7,-116.3487807,531.5713981
A,7Up,7,265.0200829,867.4275948
A,7Up,7,59.54112819,594.9278237
A,7Up,7,97.20785127,772.4692526
A,7Up,7,218.6920144,714.209418
A,7Up,7,-210.3423296,552.5528733
A,7Up,7,307.0000846,536.7748039
A,7Up,7,17.66094354,866.420484
A,7Up,7,15.99270288,940.4736473
A,7Up,7,60.13411874,549.6383557
A,7Up,7,-172.8875188,917.3863948
A,7Up,7,82.80509317,910.7943968
A,7Up,7,-119.2832653,843.5926389
A,7Up,7,489.6366252,947.5081637
A,7Up,7,-28.09414329,754.7379986
A,7Up,7,35.55343281,748.2680746
A,7Up,7,115.0766937,955.2598651
A,7Up,7,20.08633853,721.5796381
A,7Up,7,101.2164492,660.8020264
A,7Up,7,262.4532615,678.0755028
A,7Up,7,-68.79130271,722.7851192
A,7Up,7,316.211447,745.0941496
A,7Up,7,109.2366008,620.761742
A,7Up,7,368.7170308,680.3949095
A,7Up,7,-39.40280041,648.3199561
A,7Up,7,309.2879186,933.7443159
A,7Up,7,-3.130332718,871.1050752
A,7Up,7,232.9403858,844.8591571
A,7Up,7,72.75131136,815.7139805
A,7Up,7,-177.2603693,727.5154881
A,7Up,7,472.3707778,766.8233283
A,7Up,7,167.6782292,831.3241981
A,7Up,7,190.4519766,820.8410901
A,7Up,7,-8.373797048,862.5751518
A,7Up,7,206.5884589,778.5729545
A,7Up,7,288.134436,940.9772027
A,7Up,7,47.16631591,870.7235939
A,7Up,7,339.2939678,636.0057375
A,7Up,7,308.048732,510.2694784
A,7Up,7,-31.96859072,625.9041108
A,7Up,7,7.679921307,567.2933134
A,7Up,7,210.3458089,617.2521134
A,7Up,7,-133.1171345,877.9564806
A,7Up,7,34.53729985,515.335551
A,7Up,7,-82.63290258,641.3769951
A,7Up,7,-380.4387572,508.6825159
A,7Up,7,383.4726729,840.1745659
A,7Up,7,-107.02646,786.4772485
A,7Up,7,154.4991963,652.3941771
A,7Up,7,76.29902282,608.7984863
A,7Up,7,275.4383447,821.0394604
A,7Up,7,-72.62345864,958.3117161
A,7Up,7,-92.65962692,919.6447645
A,7Up,7,9.429334366,581.0724204
A,7Up,7,-180.0879884,716.0710471
A,7Up,7,494.655217,936.2926115
A,7Up,7,100.0688942,700.5066073
A,7Up,7,281.4059942,981.6431166
A,7Up,7,85.78232407,621.7535936
A,7Up,7,-67.70150069,886.3032929
A,7Up,7,143.4931735,881.5271462
A,7Up,7,79.14710548,748.8479263
A,7Up,7,609.0114428,679.3877987
A,7Up,7,-7.41814549,765.5568102
A,7Up,7,-112.1396392,697.6226081
A,7Up,7,183.8067535,607.821894
A,7Up,7,348.0674084,673.7266152
A,7Up,7,-309.5381883,589.1598254
A,7Up,7,-106.4521141,745.3840754
A,7Up,7,53.08508005,593.3103427
A,7Up,7,218.1997504,777.2301401
A,7Up,7,-62.8791324,759.9414045
A,7Up,7,91.49849828,805.8717612
A,7Up,7,-264.603693,643.6506241
A,7Up,7,131.5171746,580.3399762
A,7Up,7,164.3499334,539.9334696
A,7Up,7,198.5783117,742.5763726
A,7Up,7,-88.22947823,969.2983795
A,7Up,7,18.80849848,798.669393
A,7Up,7,470.5672498,991.6379284
A,7Up,7,337.612312,990.356151
A,7Up,7,264.7836143,648.792993
A,7Up,7,-3.725142253,797.3570971
A,7Up,7,457.1249181,967.0705283
A,7Up,7,243.1335477,900.6164739
A,7Up,7,41.61612449,655.4765465
A,7Up,7,136.8736437,823.648793
A,7Up,7,158.9109277,972.8080081
A,7Up,7,240.2820544,958.7237159
A,7Up,7,-37.18772607,767.9372539
A,7Up,7,341.2461981,587.9390851
A,7Up,7,135.6449164,989.1811884
A,7Up,7,-6.606194095,638.9660329
A,7Up,7,385.7041181,567.3390912
A,7Up,7,50.454594,584.2310862
A,7Up,7,149.8926056,571.6116825
A,7Up,7,-68.35474526,913.0375072
A,7Up,7,237.5556167,974.9443037
A,7Up,7,188.1532287,790.3073214
A,7Up,7,-60.94691091,812.387463
A,7Up,7,-66.96321836,677.190466
A,7Up,7,122.8537829,532.5174718
A,7Up,7,210.2748683,638.5235145
A,7Up,7,47.59400579,990.8139286
A,7Up,7,148.1895768,614.2612995
A,7Up,7,35.6018634,879.4518876
A,7Up,7,-57.85735741,897.747734
A,7Up,7,94.40728971,990.0662252
A,7Up,7,752.7989171,755.6688131
A,7Up,7,105.4092197,628.7423322
A,7Up,7,347.3757377,856.9139683
A,7Up,7,-108.048732,808.6642048
A,7Up,7,-31.11412045,759.2699973
A,7Up,7,87.34642759,596.0722678
A,7Up,7,369.0194378,951.2009033
A,7Up,7,91.49849828,744.9873348
A,7Up,7,73.75471139,668.7673574
A,7Up,7,-64.26884031,584.1547899
A,7Up,7,94.94298208,720.9234901
A,7Up,7,-17.79911802,582.5067904
A,7Up,7,-242.7758202,670.1406903
A,7Up,7,31.8031314,676.0307627
A,7Up,7,152.2636583,744.3769646
A,7Up,7,31.59235601,854.3046358
A,7Up,7,-93.58594727,610.6295969
A,7Up,7,246.9145445,740.2569658
A,7Up,7,276.2036845,934.5988342
A,7Up,7,-141.7850737,514.7556993
A,7Up,7,577.4774425,796.27369
A,7Up,7,384.8582881,601.1841182
A,7Up,7,-55.92172531,841.3037507
A,7Up,7,-270.9083103,596.6063417
A,7Up,7,-27.73762137,833.2621235
A,7Up,7,213.5490493,577.2881252
A,7Up,7,127.5576895,848.2009339
A,7Up,7,109.4050847,681.4325388
A,7Up,7,401.3292371,528.7789544
A,7Up,7,-63.6262823,840.8612323
A,7Up,7,41.87146513,906.4302499
A,7Up,7,216.2738954,761.8030335
A,7Up,7,428.9324013,617.3131504
A,7Up,7,131.006266,802.1027253
A,7Up,7,69.53556547,694.7233497
A,7Up,7,107.9348865,823.1452376
A,7Up,7,-127.0094228,827.4330882
A,7Up,7,-161.3542165,970.8090457
A,7Up,7,-198.9709174,847.132786
A,7Up,7,171.3023383,723.3802301
A,7Up,7,-79.04085325,555.2842799
A,7Up,7,76.37587512,998.5808893
A,7Up,7,287.0416781,638.5235145
A,7Up,7,367.4023563,698.6602374
A,7Up,7,335.0288923,660.0848415
A,7Up,7,364.3664629,854.976043
A,7Up,7,-83.70337784,768.9138462
A,7Up,7,149.1036189,573.1070894
A,7Up,7,-15.0801836,647.2060305
A,7Up,7,258.0242497,840.4950102
A,7Up,7,17.29441717,636.8297372
A,7Up,7,371.2286005,500.8697775
A,7Up,7,-91.3494998,754.7227393
A,7Up,7,-303.6210157,889.5840327
A,7Up,7,-56.62772057,742.8510392
A,7Up,7,160.6387403,818.3996094
A,7Up,7,121.4529337,708.8076418
A,7Up,7,292.0279828,866.8935209
A,7Up,7,101.6600552,613.4067812
A,7Up,7,248.6432666,835.3373821
A,7Up,7,-19.56899471,663.7928404
A,7Up,7,105.7304987,809.7628712
A,7Up,7,336.3467502,885.8149968
A,7Up,7,139.3197297,641.9415876
A,7Up,7,333.3890734,592.2879727
A,7Up,7,31.88430381,820.0628681
A,7Up,7,25.23044057,945.0209052
A,7Up,7,44.3566594,761.2689596
A,7Up,7,49.01781974,641.2549211
A,7Up,7,242.0089575,558.7328715
A,7Up,7,207.1884981,752.8763695
A,7Up,7,280.277766,724.1279336
A,7Up,7,68.97827259,719.4738609
A,7Up,7,-8.941321741,545.823542
A,7Up,7,-190.8045644,760.1702933
A,7Up,7,444.2473826,895.1078829
A,7Up,7,-8.338554128,832.0261238
A,7Up,7,-161.2109711,719.4433424
A,7Up,7,188.5747795,542.527543
A,7Up,7,249.7141966,627.6741844
A,7Up,7,-45.89454622,927.5490585
A,7Up,7,-26.09075384,956.511124
A,7Up,7,154.6419869,550.4470962
A,7Up,7,134.3088686,576.4641255
A,7Up,7,339.0438567,773.8273263
A,7Up,7,51.7631295,508.6519974
A,7Up,7,306.2438398,614.230781
A,7Up,7,154.3561782,744.9720756
A,7Up,7,240.2036105,627.2164068
A,7Up,7,1.577211858,556.2303537
A,7Up,7,-5.444087239,594.4242683
A,7Up,7,308.6540007,596.682638
A,7Up,7,348.9614417,711.7831965
A,7Up,7,245.5555321,833.6283456
A,7Up,7,-376.6916391,818.4453871
A,7Up,7,286.0253178,807.8402051
A,7Up,7,162.4677341,773.4916227
A,7Up,7,83.54201125,528.931547
A,7Up,7,102.6852831,693.8840907
A,7Up,7,148.1581992,989.8831141
A,7Up,7,84.96923581,725.3028962
A,7Up,7,-188.2316039,911.2674337
A,7Up,7,-33.70481611,639.2254402
A,7Up,7,355.121904,959.7613453
A,7Up,7,-90.96296455,648.7472152
A,7Up,7,45.00853973,888.6532182
A,7Up,7,-49.39041648,722.6630451
A,7Up,7,33.21216607,886.3338115
A,7Up,7,276.0909072,667.48558
A,7Up,7,183.5061655,949.7512741
A,7Up,7,169.219368,649.3575854
A,7Up,7,360.7093847,890.6521805
A,7Up,7,-150.2283678,958.6016419
A,7Up,7,639.7669156,692.4497208
A,7Up,7,225.0659807,988.0977813
A,7Up,7,-105.1792762,928.6782434
A,7Up,7,258.3589437,917.2032838
A,7Up,7,387.8859959,892.6358837
A,7Up,7,265.1278581,777.825251
A,7Up,7,-124.7802513,534.1807306
A,7Up,7,-133.6914804,739.9822993
A,7Up,7,-194.5544111,815.8513138
A,7Up,7,-78.53881218,904.6754357
A,7Up,7,442.975909,750.2975555
A,7Up,7,132.5555902,943.4034242
A,7Up,7,430.360308,725.5775628
A,7Up,7,137.3561306,890.0112918
A,7Up,7,214.8277988,827.4788659
A,7Up,7,110.3088951,581.9116794
A,7Up,7,361.0672709,790.6582842
A,7Up,7,-27.4747774,980.4834132
A,7Up,7,76.02162694,516.3731803
A,7Up,7,-40.90892364,682.1802423
A,7Up,7,-115.9922587,845.4084902
A,7Up,7,173.2293302,680.1812799
A,7Up,7,-21.42163541,533.4025086
A,7Up,7,301.0283424,658.6504715
A,7Up,7,374.6446626,705.3590503
A,7Up,7,256.5028924,616.0008545
A,7Up,7,146.6161509,527.4056215
A,7Up,7,77.59277903,726.187933
A,7Up,7,293.683718,991.790521
A,7Up,7,-126.5151124,876.6136662
A,7Up,7,99.65575626,625.3547777
A,7Up,7,94.08578333,575.4417554
A,7Up,7,-20.63173926,668.0806909
A,7Up,7,16.47700881,715.4759362
A,7Up,7,-42.60035641,885.2504044
A,7Up,7,-291.8030416,826.5633106
A,7Up,7,404.704372,741.3403729
A,7Up,7,-42.18630895,759.132664
A,7Up,7,286.3318175,734.4737083
A,7Up,7,19.98674886,526.7036958
A,7Up,7,112.4236976,831.9040498
A,7Up,7,366.3218766,610.6295969
A,7Up,7,257.3562258,721.5491195
A,7Up,7,132.322987,707.3885311
A,7Up,7,121.1914539,564.3482772
A,7Up,7,339.513156,989.2880032
A,7Up,7,-322.4402801,659.4744713
A,7Up,7,54.5150331,766.7317728
A,7Up,7,-55.56952349,982.7875607
A,7Up,7,96.56506589,797.1282083
B,Sprite,6,202.4402084,916.1656545
B,Sprite,6,202.3795678,715.9489731
B,Sprite,6,205.907259,569.4448683
B,Sprite,6,203.9956831,708.1362346
B,Sprite,6,196.2204811,571.2149419
B,Sprite,6,214.2008503,764.3360698
B,Sprite,6,194.3018565,728.2937101
B,Sprite,6,195.256826,785.3022858
B,Sprite,6,196.5130314,781.0754723
B,Sprite,6,207.4644731,503.173925
B,Sprite,6,198.8580839,829.5236061
B,Sprite,6,200.9642235,759.9566637
B,Sprite,6,209.5360974,827.8603473
B,Sprite,6,179.7362761,533.4940641
B,Sprite,6,204.2605961,977.4315622
B,Sprite,6,195.684891,846.6597491
B,Sprite,6,193.9289182,735.2061525
B,Sprite,6,213.2110017,532.7768792
B,Sprite,6,194.921086,644.7035127
B,Sprite,6,205.976608,862.0715964
B,Sprite,6,200.9542305,599.2461928
B,Sprite,6,203.2828211,824.1523484
B,Sprite,6,182.7606189,777.3369549
B,Sprite,6,197.9700306,972.3349712
B,Sprite,6,213.2183231,659.0777306
B,Sprite,6,204.2832198,727.6680807
B,Sprite,6,225.0081939,553.010651
B,Sprite,6,212.4963663,980.4986724
B,Sprite,6,215.8039256,747.0015564
B,Sprite,6,209.7430529,772.1182897
B,Sprite,6,204.6398441,558.4887234
B,Sprite,6,191.0582346,857.1275979
B,Sprite,6,193.5595724,509.2318491
B,Sprite,6,203.2279786,595.2177496
B,Sprite,6,188.9587571,901.3794366
B,Sprite,6,189.8504939,967.1010468
B,Sprite,6,210.2602371,537.858211
B,Sprite,6,210.1738806,610.4159673
B,Sprite,6,188.2103111,522.2479934
B,Sprite,6,200.3661285,695.9440901
B,Sprite,6,188.3380951,804.4984283
B,Sprite,6,186.6857706,768.4102908
B,Sprite,6,208.2102133,722.5409711
B,Sprite,6,197.2861588,928.6629841
B,Sprite,6,196.1084995,536.2254707
B,Sprite,6,187.6130914,991.5768914
B,Sprite,6,208.6322643,673.9097262
B,Sprite,6,205.9811896,584.1395306
B,Sprite,6,202.6218913,924.8176519
B,Sprite,6,200.7446374,609.2715232
B,Sprite,6,190.1581077,924.5887631
B,Sprite,6,193.0493459,658.558916
B,Sprite,6,213.9860731,809.2287973
B,Sprite,6,184.9525466,872.3715934
B,Sprite,6,208.997813,668.5079501
B,Sprite,6,196.3115215,980.4223762
B,Sprite,6,207.6979859,722.6630451
B,Sprite,6,203.6671963,874.8893704
B,Sprite,6,196.3164328,792.8098392
B,Sprite,6,204.9323717,630.8938871
B,Sprite,6,202.9223884,944.3342387
B,Sprite,6,201.0272629,961.1041597
B,Sprite,6,205.9437298,969.0542314
B,Sprite,6,201.9433628,732.1695608
B,Sprite,6,198.931969,946.806238
B,Sprite,6,184.3018486,945.966979
B,Sprite,6,195.9752927,804.2695395
B,Sprite,6,194.2387603,557.1306497
B,Sprite,6,197.6621211,879.4061098
B,Sprite,6,206.1725814,727.3628956
B,Sprite,6,202.3135158,817.1025727
B,Sprite,6,192.3779342,663.4571368
B,Sprite,6,185.5428996,978.5760063
B,Sprite,6,203.6516667,617.8167058
B,Sprite,6,225.9715307,754.6769616
B,Sprite,6,224.7220669,505.2491836
B,Sprite,6,203.5944822,545.2894681
B,Sprite,6,210.1854312,974.3339335
B,Sprite,6,185.9423951,516.0832545
B,Sprite,6,198.8650075,725.348674
B,Sprite,6,205.6218141,880.8404798
B,Sprite,6,198.6283001,953.9170507
B,Sprite,6,193.5661549,697.8209784
B,Sprite,6,204.74746,581.3623463
B,Sprite,6,202.8187515,820.9173864
B,Sprite,6,196.2607035,973.4794153
B,Sprite,6,204.9125106,526.9631031
B,Sprite,6,182.9828539,708.7771233
B,Sprite,6,193.2515038,759.2242195
B,Sprite,6,193.7299435,701.7883847
B,Sprite,6,199.1387085,697.6226081
B,Sprite,6,191.5221451,673.8792077
B,Sprite,6,194.120958,800.8209479
B,Sprite,6,211.1859208,661.854915
B,Sprite,6,188.1193844,876.4305551
B,Sprite,6,194.3126568,520.0354015
B,Sprite,6,203.115349,935.9721671
B,Sprite,6,209.9643103,771.7215491
B,Sprite,6,206.5908353,892.4985504
B,Sprite,6,187.1571163,760.1397748
B,Sprite,6,186.8673058,875.2555925
B,Sprite,6,203.712239,901.9135105
B,Sprite,6,206.9711177,877.620777
B,Sprite,6,200.6288474,518.5399945
B,Sprite,6,192.4096073,936.2468337
B,Sprite,6,204.2798774,777.6116214
B,Sprite,6,202.184845,872.3105564
B,Sprite,6,172.8926923,775.5363628
B,Sprite,6,217.7739821,622.7607044
B,Sprite,6,205.6585804,803.6591693
B,Sprite,6,194.7681999,663.2587664
B,Sprite,6,195.6294118,917.3558763
B,Sprite,6,198.0854682,786.9960631
B,Sprite,6,198.3264615,640.5529954
B,Sprite,6,200.2390834,867.9006317
B,Sprite,6,201.454373,545.167394
B,Sprite,6,195.2165467,515.2897732
B,Sprite,6,203.4658342,609.5309305
B,Sprite,6,199.5343387,531.510361
B,Sprite,6,193.8699375,745.9181494
B,Sprite,6,192.020139,628.2692953
B,Sprite,6,187.2456101,754.8905911
B,Sprite,6,211.0821475,752.967925
B,Sprite,6,182.4230144,778.0388806
B,Sprite,6,195.6218289,935.728019
B,Sprite,6,211.461907,641.6211432
B,Sprite,6,215.4385361,604.0223395
B,Sprite,6,195.3439556,875.6065554
B,Sprite,6,218.5754288,637.0433668
B,Sprite,6,202.042475,716.6356395
B,Sprite,6,207.2558578,858.5467086
B,Sprite,6,201.9145318,623.5694449
B,Sprite,6,193.3013669,507.9195532
B,Sprite,6,208.644497,811.4261299
B,Sprite,6,191.7005198,796.6856899
B,Sprite,6,213.3701178,607.5167089
B,Sprite,6,196.2959578,763.5578478
B,Sprite,6,184.2597845,614.5664846
B,Sprite,6,188.617401,599.978637
B,Sprite,6,225.0965968,790.8719138
B,Sprite,6,210.47365,739.4482253
B,Sprite,6,196.0969376,692.0834986
B,Sprite,6,208.8735305,602.8778954
B,Sprite,6,201.7340767,822.870571
B,Sprite,6,195.9155048,780.1141392
B,Sprite,6,214.7435912,883.7092196
B,Sprite,6,210.5294248,916.3487655
B,Sprite,6,194.5120749,730.2774133
B,Sprite,6,179.1208211,976.4549699
B,Sprite,6,191.9070888,653.2486953
C,Pepsi,5,203.6639221,508.6672567
C,Pepsi,5,198.9511934,728.8277841
C,Pepsi,5,205.5627879,830.9121982
C,Pepsi,5,190.4252718,509.2776269
C,Pepsi,5,205.5110604,953.6729026
C,Pepsi,5,189.775938,631.8704794
C,Pepsi,5,205.3647227,963.3777886
C,Pepsi,5,204.5378556,920.0262459
C,Pepsi,5,201.8506853,797.9827265
C,Pepsi,5,212.932378,866.4357433
C,Pepsi,5,219.6109795,965.9871212
C,Pepsi,5,204.9047458,767.0979949
C,Pepsi,5,214.4657861,771.3095492
C,Pepsi,5,184.5664661,665.5934324
C,Pepsi,5,204.345361,623.0201117
C,Pepsi,5,203.2997832,996.5819269
C,Pepsi,5,198.5494924,888.1801813
C,Pepsi,5,194.5005129,677.3888363
C,Pepsi,5,193.113488,665.5018769
C,Pepsi,5,194.3369176,640.4004028
C,Pepsi,5,206.3896891,628.2235176
C,Pepsi,5,195.0978463,986.5565966
C,Pepsi,5,195.8547164,518.1585131
C,Pepsi,5,211.8296384,637.4553667
C,Pepsi,5,194.2369641,785.4091006
C,Pepsi,5,208.341658,629.4900357
C,Pepsi,5,191.4782393,567.1712394
C,Pepsi,5,196.5089728,593.1577502
C,Pepsi,5,204.2438501,501.7090365
C,Pepsi,5,191.0399538,555.4979095
C,Pepsi,5,196.9936766,588.8698996
C,Pepsi,5,214.6199682,555.6810205
C,Pepsi,5,189.1633252,751.0910367
C,Pepsi,5,204.6236664,737.449263
C,Pepsi,5,211.6755018,730.323191
C,Pepsi,5,195.4934992,636.7687002
C,Pepsi,5,209.8605369,789.2696921
C,Pepsi,5,192.7361841,884.9757378
C,Pepsi,5,193.7355369,682.2412793
C,Pepsi,5,219.2571861,555.6199835
C,Pepsi,5,201.5541787,834.9559008
C,Pepsi,5,208.644497,963.3167516
C,Pepsi,5,187.5867161,934.8582415
C,Pepsi,5,197.3828608,933.5459456
C,Pepsi,5,201.5642513,998.0925932
C,Pepsi,5,203.3669039,970.9921567
C,Pepsi,5,192.376911,757.4999237
C,Pepsi,5,184.1478711,917.7983947
C,Pepsi,5,192.051653,720.8624531
C,Pepsi,5,209.7923476,679.3267617
C,Pepsi,5,222.950735,792.4588763
C,Pepsi,5,184.374881,962.7368999
C,Pepsi,5,221.3405656,746.9862972
C,Pepsi,5,189.4758957,787.1486557
C,Pepsi,5,195.6420311,903.6072878
C,Pepsi,5,208.7685407,846.110416
C,Pepsi,5,202.8291083,884.9604785
C,Pepsi,5,221.827509,693.3957945
C,Pepsi,5,201.5727665,670.5679495
C,Pepsi,5,188.4267254,749.0920743
C,Pepsi,5,212.4530743,580.8740501
C,Pepsi,5,206.2961362,841.3342692
C,Pepsi,5,205.8454361,669.225135
C,Pepsi,5,209.6585609,977.6451918
C,Pepsi,5,223.2597813,566.4082766
C,Pepsi,5,198.6398848,836.8785669
C,Pepsi,5,201.7146704,928.6019471
C,Pepsi,5,197.9512722,653.8438063
C,Pepsi,5,203.9501629,597.7050081
C,Pepsi,5,207.4301511,794.7477645
C,Pepsi,5,213.0068884,705.4506058
C,Pepsi,5,205.2379505,954.9241615
C,Pepsi,5,194.4256047,550.5691702
C,Pepsi,5,197.9512722,615.009003
C,Pepsi,5,195.9678235,966.7653432
C,Pepsi,5,187.6361471,728.2479324
C,Pepsi,5,193.1541652,887.9207739
C,Pepsi,5,212.0987806,643.6506241
C,Pepsi,5,192.7411636,720.7861568
C,Pepsi,5,202.1723054,560.6097598
C,Pepsi,5,193.726226,764.7022919
C,Pepsi,5,207.5588105,919.8583941
C,Pepsi,5,210.040003,587.4660482
C,Pepsi,5,203.3385732,629.5358135
C,Pepsi,5,198.8226477,786.4009522
C,Pepsi,5,198.7293904,963.4846034
C,Pepsi,5,199.7402597,748.710593
C,Pepsi,5,200.5851689,914.9449141
C,Pepsi,5,206.2607342,686.1781671
C,Pepsi,5,195.8847184,805.6123539
C,Pepsi,5,207.7051823,669.1183203
C,Pepsi,5,193.8200176,599.4903409
C,Pepsi,5,189.6447662,936.9335002
C,Pepsi,5,204.0720352,715.4454176
C,Pepsi,5,201.9558456,727.8511917
C,Pepsi,5,194.1327815,735.2824488
C,Pepsi,5,214.8165782,563.1733146
C,Pepsi,5,208.5934744,826.5633106
C,Pepsi,5,212.8202146,652.3941771
C,Pepsi,5,195.7720547,505.4475539
C,Pepsi,5,206.4131655,669.1335795
C,Pepsi,5,193.7476332,615.7109287
C,Pepsi,5,196.5958295,894.4822535
C,Pepsi,5,210.705503,658.5283975
C,Pepsi,5,228.0670065,947.9201636
C,Pepsi,5,193.5454412,937.4065371
C,Pepsi,5,196.7897566,839.1827143
C,Pepsi,5,165.1277903,943.8306833
C,Pepsi,5,205.132074,687.9940184
C,Pepsi,5,214.624402,567.0339061
C,Pepsi,5,203.7368409,987.5942259
C,Pepsi,5,203.4276809,625.8583331
C,Pepsi,5,202.51041,542.2986541
C,Pepsi,5,196.2582478,956.2211982
C,Pepsi,5,195.2113967,503.7690359
C,Pepsi,5,205.759432,906.0945463
C,Pepsi,5,193.1348157,575.6706442
C,Pepsi,5,190.6431867,652.8824732
C,Pepsi,5,191.7102286,766.5334025
C,Pepsi,5,187.3433808,829.9356059
C,Pepsi,5,204.1302883,856.1967833
C,Pepsi,5,186.3049652,589.7854549
C,Pepsi,5,198.2200848,816.8126469
C,Pepsi,5,194.8644472,507.2939238
C,Pepsi,5,190.3109028,606.0975982
C,Pepsi,5,175.7816113,694.0977203
C,Pepsi,5,182.248255,841.0596026
C,Pepsi,5,193.5605047,724.7230445
C,Pepsi,5,192.5597649,678.029725
C,Pepsi,5,191.7468358,521.5460677
C,Pepsi,5,207.5914159,581.5454573
C,Pepsi,5,203.145874,777.1691031
C,Pepsi,5,205.5253167,871.868038
C,Pepsi,5,188.4595582,868.037965
C,Pepsi,5,204.8582024,813.88287
C,Pepsi,5,202.6733915,597.7660451
C,Pepsi,5,199.0695869,858.149968
C,Pepsi,5,193.3739559,561.937315
C,Pepsi,5,204.435492,782.6929533
C,Pepsi,5,213.2403557,513.4891812
C,Pepsi,5,204.0487748,723.6396374
C,Pepsi,5,207.1913064,890.1944029
C,Pepsi,5,204.7868753,735.7860042
C,Pepsi,5,207.4988748,704.9317911
C,Pepsi,5,206.6680286,904.3702506
C,Pepsi,5,192.4757617,861.2781152
C,Pepsi,5,205.3188501,947.7523118
C,Pepsi,5,205.0458652,698.2634968
C,Pepsi,5,199.8206022,522.1869564
C,Pepsi,5,190.9146936,758.3239235
D,Coke,4,279.6456566,655.9648427
D,Coke,4,386.7616225,544.9537645
D,Coke,4,350.6244421,632.6944792
D,Coke,4,357.7958079,530.8084353
D,Coke,4,348.5482931,825.8919034
D,Coke,4,268.0179942,802.2400586
D,Coke,4,446.7224481,548.9211707
D,Coke,4,391.3026159,750.1754814
D,Coke,4,462.5329903,667.0430616
D,Coke,4,475.1610969,571.1386456
D,Coke,4,387.4404466,995.08652
D,Coke,4,408.758775,763.5425886
D,Coke,4,556.9028427,740.3790399
D,Coke,4,327.0128228,503.952147
D,Coke,4,498.8420652,758.59859
D,Coke,4,229.9263098,725.4860073
D,Coke,4,393.8418114,781.6705832
D,Coke,4,308.4627689,545.0148015
D,Coke,4,292.8769855,801.7365032
D,Coke,4,354.6723757,613.6967071
D,Coke,4,307.9966528,514.2979217
D,Coke,4,256.9992385,804.6815394
D,Coke,4,401.5032811,701.8494217
D,Coke,4,506.7842277,720.8014161
D,Coke,4,364.528115,736.4879299
D,Coke,4,329.7513114,610.217597
D,Coke,4,460.3433818,561.342204
D,Coke,4,396.9739974,736.854152
D,Coke,4,338.9669938,636.036256
D,Coke,4,247.2558218,874.0195929
D,Coke,4,465.5950316,965.5446028
D,Coke,4,420.5262722,688.4670553
D,Coke,4,473.4472678,535.7829524
D,Coke,4,424.5597676,669.8660237
D,Coke,4,600.1952453,816.3853877
D,Coke,4,433.3049002,749.8245186
D,Coke,4,430.1432692,522.7515488
D,Coke,4,354.2650357,657.780694
D,Coke,4,303.158141,620.4565569
D,Coke,4,365.2197857,691.4883877
D,Coke,4,344.9071311,664.3574328
D,Coke,4,364.4710442,748.0849635
D,Coke,4,511.9594799,559.0380566
D,Coke,4,516.6492893,982.5891903
D,Coke,4,450.3717956,764.5191809
D,Coke,4,528.8835847,645.5122532
D,Coke,4,338.9208369,918.6223945
D,Coke,4,493.7461664,811.7465743
D,Coke,4,460.2790351,862.9718925
D,Coke,4,299.2827841,663.6555071
D,Coke,4,393.0598733,709.8147526
D,Coke,4,312.7743422,542.8174688
D,Coke,4,263.4395979,930.9366131
D,Coke,4,425.6176236,950.6515702
D,Coke,4,525.5671123,552.9801325
D,Coke,4,449.3496373,870.6625568
D,Coke,4,313.4772679,966.1397137
D,Coke,4,476.2001946,516.4952544
D,Coke,4,599.463102,658.497879
D,Coke,4,349.3761607,692.7701651
D,Coke,4,448.9094418,940.336314
D,Coke,4,390.5498953,702.9786065
D,Coke,4,484.8990567,979.8425245
D,Coke,4,216.0619725,962.4164556
D,Coke,4,365.5447027,802.5910215
D,Coke,4,392.139351,986.3734855
D,Coke,4,496.0139914,867.7175207
D,Coke,4,347.9098278,538.7279885
D,Coke,4,615.8558345,991.3480026
D,Coke,4,506.1773673,753.8529618
D,Coke,4,370.0328317,803.3692434
D,Coke,4,304.8918653,799.6765038
D,Coke,4,497.8370736,658.2079531
D,Coke,4,501.2904249,944.2732017
D,Coke,4,184.0659489,538.8805811
D,Coke,4,480.1355782,533.0515458
D,Coke,4,396.8515567,557.084872
D,Coke,4,318.1761723,693.6552019
D,Coke,4,397.3566673,723.1208228
D,Coke,4,298.6072569,871.7917417
D,Coke,4,427.4957301,801.2787255
D,Coke,4,378.926553,876.2779626
D,Coke,4,383.1637751,840.8307138
D,Coke,4,461.5223144,788.4914701
D,Coke,4,342.107479,941.8469802
D,Coke,4,359.254751,681.920835
D,Coke,4,373.7257212,543.6414686
D,Coke,4,532.2016487,915.4637288
D,Coke,4,454.1868985,570.5130161
D,Coke,4,469.8380518,619.8156682
D,Coke,4,383.2646154,700.6591998
D,Coke,4,518.6049303,705.2522355
D,Coke,4,452.8186774,900.0671407
D,Coke,4,390.7649908,589.9533067
D,Coke,4,515.8973646,746.8184454
D,Coke,4,584.6910891,697.973571
D,Coke,4,536.0181159,525.3608814
D,Coke,4,343.2614004,912.5339518
D,Coke,4,388.5653779,657.4144719
D,Coke,4,505.8151611,910.3976562
D,Coke,4,288.9238668,818.1707205
D,Coke,4,465.8037607,955.8397168
D,Coke,4,377.8615347,626.5755181
D,Coke,4,517.5603757,612.9032258
D,Coke,4,434.9347147,658.9403974
D,Coke,4,444.8280844,753.5782952
D,Coke,4,481.4395662,778.0236213
D,Coke,4,488.090701,509.7811823
D,Coke,4,555.6572897,958.5863826
D,Coke,4,413.9255008,752.0218513
D,Coke,4,406.3650987,986.2056337
D,Coke,4,312.8303898,588.3205664
D,Coke,4,525.3488335,673.3909116
D,Coke,4,519.9605322,577.5322733
D,Coke,4,399.1011919,635.8073672
D,Coke,4,476.2513537,652.6078066
D,Coke,4,402.9954208,766.3960692
D,Coke,4,349.4805252,965.4683065
D,Coke,4,327.6999461,898.0681784
D,Coke,4,261.429842,807.4587237
D,Coke,4,382.7601869,817.8350169
D,Coke,4,497.627435,740.6079287
D,Coke,4,371.7806531,851.5274514
D,Coke,4,422.4285941,908.230842
D,Coke,4,385.4176167,738.5479293
D,Coke,4,544.3320343,990.1577807
D,Coke,4,435.6674263,525.9102145
D,Coke,4,431.0330961,741.9507431
D,Coke,4,567.0341589,788.6745811
D,Coke,4,445.607635,819.574572
D,Coke,4,318.9435584,696.8443861
D,Coke,4,388.4576027,955.7176428
D,Coke,4,494.5922238,855.4338206
D,Coke,4,566.0846465,832.1939756
D,Coke,4,431.4507815,509.643849
D,Coke,4,436.5411097,997.54326
D,Coke,4,397.6245135,692.5565355
D,Coke,4,453.2061222,723.014008
D,Coke,4,518.5121619,760.4449599
D,Coke,4,294.8387656,585.7570116
D,Coke,4,451.5127567,575.0144963
D,Coke,4,335.736696,627.3689993
D,Coke,4,449.6436314,912.5644704
D,Coke,4,332.3997599,972.2434156
D,Coke,4,524.0669008,571.7184973
D,Coke,4,524.8636181,615.2073733
D,Coke,4,537.4403382,676.4275033
D,Coke,4,491.9451395,515.15244
D,Coke,4,414.1959617,889.5687735
D,Coke,4,377.2339834,971.3126011
D,Coke,4,539.1117621,731.0861538
D,Coke,4,560.7922968,827.0821253
D,Coke,4,383.3266884,991.9278542
D,Coke,4,252.2457645,652.4399548
D,Coke,4,538.1918082,915.4026917
D,Coke,4,388.827085,513.71807
D,Coke,4,253.2862264,944.6546831
D,Coke,4,429.2877758,561.8915372
D,Coke,4,227.3692654,967.1315653
D,Coke,4,371.6770844,769.2953276
D,Coke,4,413.8714995,692.7701651
D,Coke,4,445.6245743,531.8308054
D,Coke,4,328.8379513,637.9741813
D,Coke,4,538.5303676,843.77575
D,Coke,4,509.0852493,720.9082308
D,Coke,4,359.8110207,654.5304727
D,Coke,4,442.0789092,762.7643666
D,Coke,4,472.2800451,648.014771
D,Coke,4,460.462753,800.6988739
D,Coke,4,314.1425633,852.6718955
D,Coke,4,467.0245299,610.7821894
D,Coke,4,439.4271638,512.0700705
D,Coke,4,383.4119535,778.1609546
D,Coke,4,410.103463,829.6151616
D,Coke,4,419.4103222,597.5371563
D,Coke,4,484.0901748,862.5141148
D,Coke,4,384.4891363,604.2817469
D,Coke,4,309.5391559,790.2005066
D,Coke,4,459.5559868,684.9726859
D,Coke,4,164.5645635,834.2844935
D,Coke,4,324.3407274,561.9525742
D,Coke,4,393.0214472,572.5882748
D,Coke,4,327.351837,548.2345042
D,Coke,4,369.7766953,582.8119755
D,Coke,4,349.7497356,892.178106
D,Coke,4,544.245405,581.9879757
D,Coke,4,513.1413683,837.2600482
D,Coke,4,303.9255272,811.8991668
D,Coke,4,477.6915385,772.8812525
D,Coke,4,317.3608103,666.6310617
D,Coke,4,352.9188699,611.117893
D,Coke,4,490.2766715,783.0286569
D,Coke,4,354.2480964,853.480636
D,Coke,4,460.3893113,826.8074587
D,Coke,4,392.0012215,773.4153264
D,Coke,4,457.9196922,821.7719047
D,Coke,4,246.2412805,798.0437635
D,Coke,4,451.0851805,897.6104007
D,Coke,4,389.9887371,586.7336039
D,Coke,4,455.574219,586.9319742
D,Coke,4,318.4324224,540.6048769
D,Coke,4,491.2352789,595.8128605
D,Coke,4,435.2031293,594.3021943
D,Coke,4,501.5848738,617.9387799
D,Coke,4,508.311724,705.282754
D,Coke,4,405.1544475,571.7337565
D,Coke,4,244.4195626,527.1004364
D,Coke,4,392.3925316,926.2520219
D,Coke,4,528.5161488,894.7569201
D,Coke,4,525.8370048,856.532487
D,Coke,4,464.009555,524.3537706
D,Coke,4,294.104576,646.2141789
D,Coke,4,363.5160748,799.8443556
D,Coke,4,322.8452907,845.6526383
D,Coke,4,333.2146672,745.6282235
D,Coke,4,382.3019152,511.322367
D,Coke,4,308.2415343,833.7046419
D,Coke,4,339.8310138,709.0823084
D,Coke,4,521.8995749,702.6581622
D,Coke,4,251.8342181,671.0562456
D,Coke,4,482.9193141,743.4003723
D,Coke,4,339.0959147,868.9382611
D,Coke,4,615.5420589,889.1720328
D,Coke,4,428.362706,614.3375958
D,Coke,4,372.6154556,902.2644734
D,Coke,4,445.9814373,935.0566118
D,Coke,4,426.4801656,536.3933226
D,Coke,4,634.1112122,715.0028993
D,Coke,4,342.8565616,735.8775597
D,Coke,4,448.3584017,739.249855
D,Coke,4,324.432359,572.9697562
D,Coke,4,271.291493,664.9830622
D,Coke,4,353.9675173,985.1680044
D,Coke,4,438.2063945,858.8213752
D,Coke,4,419.0362925,616.8858913
D,Coke,4,523.8195182,810.7394635
D,Coke,4,456.9903023,759.3920713
D,Coke,4,327.0228273,769.9056978
D,Coke,4,345.981358,577.8527177
D,Coke,4,227.90996,658.7115085
D,Coke,4,308.1016995,582.3847163
D,Coke,4,421.2534133,521.3629566
D,Coke,4,414.1418468,698.1414228
D,Coke,4,448.7025318,565.3706473
D,Coke,4,494.5085503,885.0367748
D,Coke,4,343.7818587,569.8721274
D,Coke,4,354.2819751,609.9887082
D,Coke,4,344.4078185,877.3918882
D,Coke,4,454.328666,647.1602527
D,Coke,4,372.6551323,666.6310617
D,Coke,4,371.0953489,737.8002258
D,Coke,4,299.1047505,537.5835444
D,Coke,4,367.2444346,641.9721061
D,Coke,4,347.7433903,936.5215003
D,Coke,4,497.3691385,623.157445
D,Coke,4,434.5203262,922.5440229
D,Coke,4,381.2830538,986.2361522
D,Coke,4,477.3713964,540.2996918
D,Coke,4,289.5875706,500.7477035
D,Coke,4,404.8250968,926.9539476
D,Coke,4,378.6762146,949.0798669
D,Coke,4,528.8663043,560.441908
D,Coke,4,387.1628233,703.543199
D,Coke,4,454.0275096,561.0065004
D,Coke,4,667.616997,722.8461562
D,Coke,4,302.4958015,501.1749626
D,Coke,4,366.8567625,725.0434889
D,Coke,4,430.7602477,575.8995331
D,Coke,4,473.8887138,609.0273751
D,Coke,4,429.1200877,543.3362835
D,Coke,4,457.6033017,516.9682913
D,Coke,4,389.5504743,883.251442
D,Coke,4,453.7709184,822.1228675
D,Coke,4,317.6188794,944.9903867
D,Coke,4,413.6706149,850.4593036
D,Coke,4,467.7446224,784.234138
D,Coke,4,409.6422355,865.0624104
D,Coke,4,320.0331331,727.8359325
D,Coke,4,260.0173967,818.7047945
D,Coke,4,351.2974682,773.873104
D,Coke,4,257.9287421,678.868984
D,Coke,4,581.105861,540.6964324
D,Coke,4,415.7741624,809.5187231
D,Coke,4,262.5596618,936.0484634
D,Coke,4,481.7597083,519.9743645
D,Coke,4,447.705953,840.1745659
D,Coke,4,562.3157004,525.6202887
D,Coke,4,530.8389983,695.0285348
D,Coke,4,430.8644985,768.1051057
D,Coke,4,451.6613454,779.381695
D,Coke,4,355.4677288,880.977813
D,Coke,4,467.1108182,939.1460921
D,Coke,4,368.5251169,617.9235206
D,Coke,4,497.197244,945.3260903
D,Coke,4,530.9472282,851.14597
D,Coke,4,390.4576953,781.9757683
D,Coke,4,447.4746003,857.8295236
D,Coke,4,333.8538146,835.5052339
D,Coke,4,428.1158918,605.8992279
D,Coke,4,403.4316372,977.0653401
E,Cappuccino ,3,797.2186288,212.770806
E,Cappuccino ,3,803.9857468,379.3274941
E,Cappuccino ,3,798.7440447,334.1438337
E,Cappuccino ,3,780.4617801,181.9935301
E,Cappuccino ,3,806.4018877,20.82781457
E,Cappuccino ,3,808.9258037,62.55455184
E,Cappuccino ,3,809.8543296,411.6428724
E,Cappuccino ,3,809.6135182,245.3603015
E,Cappuccino ,3,805.7404804,421.5872372
E,Cappuccino ,3,807.3127012,137.3733329
E,Cappuccino ,3,785.4310772,181.3843806
E,Cappuccino ,3,801.5108299,455.5168615
E,Cappuccino ,3,785.4022917,232.0656148
E,Cappuccino ,3,801.7356342,389.8353221
E,Cappuccino ,3,802.7877263,345.8851894
E,Cappuccino ,3,800.0684622,269.406476
E,Cappuccino ,3,798.7540605,130.4747154
E,Cappuccino ,3,791.8635012,390.8861049
E,Cappuccino ,3,791.362165,120.4694357
E,Cappuccino ,3,807.7371396,22.80755028
E,Cappuccino ,3,814.6133061,423.5060579
E,Cappuccino ,3,803.6353072,18.83285012
E,Cappuccino ,3,812.544956,219.3800775
E,Cappuccino ,3,810.6432935,268.1120334
E,Cappuccino ,3,802.3331722,101.342143
E,Cappuccino ,3,804.6168566,111.4540239
E,Cappuccino ,3,802.1754431,462.8418836
E,Cappuccino ,3,806.2189201,282.7620777
E,Cappuccino ,3,785.7549938,376.8147526
E,Cappuccino ,3,823.3756509,144.4242378
E,Cappuccino ,3,777.7563062,316.8135319
E,Cappuccino ,3,796.4413973,254.8782617
E,Cappuccino ,3,799.0127208,186.8210395
E,Cappuccino ,3,784.023043,62.79821162
E,Cappuccino ,3,788.2637894,447.4151738
E,Cappuccino ,3,794.5520472,425.1355327
E,Cappuccino ,3,798.2146392,325.9964599
E,Cappuccino ,3,794.1754368,167.967864
E,Cappuccino ,3,807.7857294,128.12949
E,Cappuccino ,3,787.8501512,194.6486099
E,Cappuccino ,3,788.0525138,197.6638997
E,Cappuccino ,3,788.0102223,198.6080813
E,Cappuccino ,3,802.4891051,59.29560228
E,Cappuccino ,3,804.3487262,457.679342
E,Cappuccino ,3,800.5154448,358.8905301
E,Cappuccino ,3,798.0121743,490.6190985
E,Cappuccino ,3,813.6327571,447.8568072
E,Cappuccino ,3,803.8478106,193.0495926
E,Cappuccino ,3,813.5384198,333.6260567
E,Cappuccino ,3,811.7483978,366.0784936
E,Cappuccino ,3,805.52443,413.6682943
E,Cappuccino ,3,800.703983,54.14828944
E,Cappuccino ,3,788.6553496,380.1650746
E,Cappuccino ,3,806.0453431,129.3630177
E,Cappuccino ,3,800.8397933,47.72176275
E,Cappuccino ,3,797.4358616,498.2791528
E,Cappuccino ,3,790.5000095,179.4655599
E,Cappuccino ,3,802.2459972,323.5598621
E,Cappuccino ,3,787.9408733,210.1971496
E,Cappuccino ,3,806.9818498,209.2225105
E,Cappuccino ,3,775.8809281,136.6728111
E,Cappuccino ,3,805.2748419,134.0991546
E,Cappuccino ,3,809.3260496,395.8659017
E,Cappuccino ,3,806.3157358,317.9709159
E,Cappuccino ,3,821.7130946,258.609302
E,Cappuccino ,3,794.693485,69.98617512
E,Cappuccino ,3,803.7844529,233.8169195
E,Cappuccino ,3,809.7664497,215.2378613
E,Cappuccino ,3,806.9681846,303.183813
E,Cappuccino ,3,798.6097691,330.4127934
E,Cappuccino ,3,808.3038003,458.0905179
E,Cappuccino ,3,804.7294861,440.882046
E,Cappuccino ,3,789.2645974,155.9676199
E,Cappuccino ,3,787.2680291,486.0961638
E,Cappuccino ,3,804.0006626,432.8260445
E,Cappuccino ,3,809.9442332,439.8160344
E,Cappuccino ,3,808.5305601,137.4037904
E,Cappuccino ,3,805.0902258,366.2916959
E,Cappuccino ,3,790.9458438,44.81307413
E,Cappuccino ,3,792.1269705,182.4351634
E,Cappuccino ,3,790.624201,196.2476272
E,Cappuccino ,3,820.6803634,295.6303598
E,Cappuccino ,3,798.7216825,53.31070894
E,Cappuccino ,3,785.6229351,425.3791925
E,Cappuccino ,3,800.4419235,187.5063326
E,Cappuccino ,3,799.5442977,72.80349132
E,Cappuccino ,3,798.8742502,226.2025513
E,Cappuccino ,3,792.2080633,131.2361522
E,Cappuccino ,3,800.9765245,190.5825373
E,Cappuccino ,3,794.0306907,324.3974425
E,Cappuccino ,3,812.1466428,331.1742302
E,Cappuccino ,3,795.5231146,294.5643483
E,Cappuccino ,3,798.8265017,71.93545335
E,Cappuccino ,3,797.9051609,136.5509812
E,Cappuccino ,3,819.4007953,316.6764733
E,Cappuccino ,3,782.1362508,217.3546556
E,Cappuccino ,3,813.6579729,241.6292611
E,Cappuccino ,3,807.7877985,87.16418958
E,Cappuccino ,3,786.3049652,260.2083193
E,Cappuccino ,3,806.4790811,471.4918058
E,Cappuccino ,3,805.4790348,313.630726
E,Cappuccino ,3,802.5562258,89.98150578
E,Cappuccino ,3,793.3510708,410.9423505
E,Cappuccino ,3,804.6688342,88.50431837
E,Cappuccino ,3,803.2263642,113.8297067
E,Cappuccino ,3,799.4110112,175.4604022
E,Cappuccino ,3,793.0454578,406.8915067
E,Cappuccino ,3,795.5383259,217.8267464
E,Cappuccino ,3,797.8135861,244.6445509
E,Cappuccino ,3,790.0092462,106.6722007
E,Cappuccino ,3,796.3507889,489.202826
E,Cappuccino ,3,803.2674848,297.1532334
E,Cappuccino ,3,791.6875595,163.3687857
E,Cappuccino ,3,810.887743,466.2378918
E,Cappuccino ,3,802.7130454,300.1837519
E,Cappuccino ,3,786.4920937,472.8928495
E,Cappuccino ,3,796.0713353,464.0754112
E,Cappuccino ,3,797.5164201,114.4236274
E,Cappuccino ,3,798.0153007,83.90524003
E,Cappuccino ,3,794.1953547,306.4579913
E,Cappuccino ,3,783.0120942,334.1590625
E,Cappuccino ,3,815.5940597,139.4292123
E,Cappuccino ,3,801.1919838,375.0939055
E,Cappuccino ,3,807.4725676,19.42677084
E,Cappuccino ,3,804.4599801,368.362804
E,Cappuccino ,3,802.8227305,218.1922361
E,Cappuccino ,3,794.5343006,4.83764153
E,Cappuccino ,3,779.3968527,301.0974761
E,Cappuccino ,3,792.5849579,214.445967
E,Cappuccino ,3,808.8633215,3.345225379
E,Cappuccino ,3,807.3697947,485.2890408
E,Cappuccino ,3,793.4101197,444.5521714
E,Cappuccino ,3,808.3926807,235.1418195
E,Cappuccino ,3,798.6946818,437.0444044
E,Cappuccino ,3,794.8181312,134.4341868
E,Cappuccino ,3,812.8673491,315.9607227
E,Cappuccino ,3,798.3791895,153.7746818
E,Cappuccino ,3,812.6396117,142.0028687
E,Cappuccino ,3,803.654111,474.2938932
E,Cappuccino ,3,801.0003532,434.1509445
E,Cappuccino ,3,796.8412567,375.1852779
E,Cappuccino ,3,823.2941602,253.7817927
E,Cappuccino ,3,790.0695684,279.685873
E,Cappuccino ,3,819.0324499,175.7345195
E,Cappuccino ,3,826.0850356,446.1207312
E,Cappuccino ,3,807.7774303,369.2612995
E,Cappuccino ,3,804.0919872,309.9149144
E,Cappuccino ,3,797.2035198,359.5758232
E,Cappuccino ,3,797.4548359,346.9359722
E,Cappuccino ,3,797.2114779,472.6187323
F,Espresso,2,793.9408667,398.5766167
F,Espresso,2,775.5604222,377.5914182
F,Espresso,2,806.5500217,314.6205939
F,Espresso,2,784.2200396,378.1548814
F,Espresso,2,775.0951247,326.6056093
F,Espresso,2,802.9064267,26.79747917
F,Espresso,2,801.2860369,155.784875
F,Espresso,2,802.0026505,247.5532395
F,Espresso,2,788.1023314,291.2140263
F,Espresso,2,805.9063495,175.8411206
F,Espresso,2,799.8389626,302.3462325
F,Espresso,2,791.108325,351.3675344
F,Espresso,2,794.1944452,358.0529496
F,Espresso,2,797.4358616,299.4680013
F,Espresso,2,802.0729431,71.03695791
F,Espresso,2,805.6039084,284.4676962
F,Espresso,2,813.0211447,374.3781549
F,Espresso,2,792.155108,219.7607959
F,Espresso,2,792.3492624,157.6427808
F,Espresso,2,784.7157596,217.9942625
F,Espresso,2,797.2623414,287.0413526
F,Espresso,2,785.0092536,461.9433882
F,Espresso,2,812.9961791,134.9062777
F,Espresso,2,807.6241122,234.2433241
F,Espresso,2,802.9104172,204.16657
F,Espresso,2,797.5629407,385.0534989
F,Espresso,2,802.3819325,130.6270028
F,Espresso,2,799.029626,95.23541978
F,Espresso,2,805.4204634,153.8051393
F,Espresso,2,798.6854164,216.121128
F,Espresso,2,793.2505489,276.853328
F,Espresso,2,812.737155,209.1159093
F,Espresso,2,811.6604042,241.1419416
F,Espresso,2,797.1525767,391.2972808
F,Espresso,2,795.7385626,253.5685904
F,Espresso,2,787.1606178,316.9505905
F,Espresso,2,797.0560452,159.4854579
F,Espresso,2,787.5800768,340.6617328
F,Espresso,2,807.4574018,2.903592029
F,Espresso,2,786.2500772,156.8965728
F,Espresso,2,794.7760898,253.9645375
F,Espresso,2,799.1018512,100.1847591
F,Espresso,2,792.2494453,444.3389691
F,Espresso,2,804.5217575,125.6928922
F,Espresso,2,794.1346005,98.8141728
F,Espresso,2,804.2463626,400.6324961
F,Espresso,2,786.248099,276.7314982
F,Espresso,2,785.4443104,206.0092471
F,Espresso,2,814.2365934,280.3407086
F,Espresso,2,806.7072506,125.647206
F,Espresso,2,790.9677172,173.0085757
F,Espresso,2,800.51391,169.7800836
F,Espresso,2,816.6358859,352.3878597
F,Espresso,2,806.242135,262.0966826
F,Espresso,2,798.5610884,472.9385357
F,Espresso,2,808.5459874,324.3517563
F,Espresso,2,808.4756607,153.3939634
F,Espresso,2,798.3039629,260.8022401
F,Espresso,2,801.6161493,186.9428694
F,Espresso,2,812.592136,322.006531
F,Espresso,2,809.1711854,446.075045
F,Espresso,2,799.7540272,421.5263222
F,Espresso,2,782.9206899,382.7844172
F,Espresso,2,800.4534058,290.1175573
F,Espresso,2,805.788354,88.32157353
F,Espresso,2,804.1411113,212.7860347
F,Espresso,2,799.0742026,306.244789
F,Espresso,2,812.4149665,305.376751
F,Espresso,2,798.1212909,167.9830927
F,Espresso,2,810.8752829,151.9929197
F,Espresso,2,798.7949195,286.4322031
F,Espresso,2,799.5014036,473.3497116
F,Espresso,2,776.9957867,333.5651418
F,Espresso,2,781.8696779,150.5614185
F,Espresso,2,792.7062731,275.528428
F,Espresso,2,819.0184437,131.708243
F,Espresso,2,809.4126563,248.7867672
F,Espresso,2,796.0018272,452.5168004
F,Espresso,2,789.6303507,89.34189886
F,Espresso,2,795.4468763,434.531663
F,Espresso,2,800.693251,385.1905576
F,Espresso,2,806.5775339,67.44297617
F,Espresso,2,786.7061433,179.1000702
F,Espresso,2,788.315426,353.0426954
F,Espresso,2,788.3456439,110.2509537
F,Espresso,2,798.6553235,322.9507126
F,Espresso,2,792.060043,18.16278573
F,Espresso,2,781.064957,329.9254738
F,Espresso,2,805.6514068,259.7362285
F,Espresso,2,795.2987309,453.6589557
F,Espresso,2,810.8974291,419.5922727
F,Espresso,2,803.7499603,129.9569384
F,Espresso,2,786.7043243,167.3587146
F,Espresso,2,806.7792598,336.9763787
F,Espresso,2,787.9566985,381.0026551
F,Espresso,2,800.3355126,133.8250374
F,Espresso,2,809.0161848,332.5600452
F,Espresso,2,775.4993041,286.5997192
F,Espresso,2,809.6354142,261.7768792
F,Espresso,2,801.860019,102.8497879
F,Espresso,2,818.710216,200.6791894
F,Espresso,2,802.8036311,39.87896359
F,Espresso,2,803.6688334,391.9825739
F,Espresso,2,810.8009772,170.739494
F,Espresso,2,792.1123617,240.2129887
F,Espresso,2,807.7453933,323.1639149
F,Espresso,2,806.6460643,430.9833674
F,Espresso,2,804.9981281,85.90020447
F,Espresso,2,795.7117438,286.1580859
F,Espresso,2,799.0250217,149.2212897
F,Espresso,2,817.8600203,52.33606983
F,Espresso,2,790.1791853,462.4002503
F,Espresso,2,811.832708,340.5855892
F,Espresso,2,817.9897143,216.7911924
F,Espresso,2,813.9252734,284.7265847
F,Espresso,2,791.788718,67.1231727
F,Espresso,2,788.8326329,290.2546159
F,Espresso,2,807.2608373,77.37211219
F,Espresso,2,807.8324206,97.70247505
F,Espresso,2,768.5271177,386.5459151
F,Espresso,2,817.5376954,241.1723991
F,Espresso,2,799.679801,437.4403516
F,Espresso,2,799.1341042,36.7723014
F,Espresso,2,780.9629116,23.09689627
F,Espresso,2,809.1653646,425.4553362
F,Espresso,2,802.0245125,256.9493698
F,Espresso,2,804.1652925,11.8885464
F,Espresso,2,800.8336428,144.8506424
F,Espresso,2,799.3811116,383.7895138
F,Espresso,2,807.2498779,12.48246712
F,Espresso,2,804.6321816,49.59489731
F,Espresso,2,804.8409902,45.71156957
F,Espresso,2,803.4780214,371.2410352
F,Espresso,2,806.510254,287.0718101
F,Espresso,2,798.1998826,95.03744621
F,Espresso,2,792.4228632,47.41718802
F,Espresso,2,790.1853698,198.6537675
F,Espresso,2,791.7145374,68.44807276
F,Espresso,2,800.1128342,189.1358074
F,Espresso,2,810.5480922,281.7874386
F,Espresso,2,823.834582,453.2630085
F,Espresso,2,805.0146127,385.571276
F,Espresso,2,806.4272626,101.0071108
F,Espresso,2,791.2325848,109.3981445
F,Espresso,2,798.2185273,312.8692892
F,Espresso,2,795.4052555,199.5522629
F,Espresso,2,790.1829142,240.0302438
F,Espresso,2,800.508544,186.4098636
F,Espresso,2,824.7058779,390.0942106
F,Espresso,2,813.3757339,158.9981384
G,Latte,1,605.168193,212.999237
G,Latte,1,176.5206116,51.87920774
G,Latte,1,828.1817509,234.1824091
G,Latte,1,1188.207048,185.694113
G,Latte,1,1395.60731,299.6507462
G,Latte,1,954.9916876,401.9573962
G,Latte,1,977.8281901,458.0905179
G,Latte,1,937.4625415,351.3066195
G,Latte,1,1425.596988,277.9193396
G,Latte,1,960.2476575,60.23978393
G,Latte,1,694.6824806,147.5613575
G,Latte,1,899.4338395,484.0859706
G,Latte,1,884.7423169,226.4614399
G,Latte,1,1166.721145,332.8493912
G,Latte,1,2034.147169,488.6089053
G,Latte,1,947.7411959,425.638081
G,Latte,1,631.3270796,151.8710898
G,Latte,1,1269.323971,360.1240577
G,Latte,1,740.6365194,342.2912076
G,Latte,1,1137.821951,25.97512741
G,Latte,1,655.2404238,476.0451979
G,Latte,1,902.5856934,207.9737541
G,Latte,1,1500.006388,256.6904813
G,Latte,1,934.113782,143.8303171
G,Latte,1,1143.800969,345.2455824
G,Latte,1,1028.957709,14.8733787
G,Latte,1,965.2044037,347.8192389
G,Latte,1,438.0840119,84.59053316
G,Latte,1,94.1585904,138.9114353
G,Latte,1,-154.8392311,13.15253151
G,Latte,1,711.1284185,48.51365703
G,Latte,1,601.3001121,411.490585
G,Latte,1,941.8290256,334.2047487
G,Latte,1,538.2948666,5.431562243
G,Latte,1,1377.150934,490.1774651
G,Latte,1,672.5421963,354.337138
G,Latte,1,1529.821443,110.4489273
G,Latte,1,1200.807187,120.7283242
G,Latte,1,566.1599653,51.10254219
G,Latte,1,1046.066668,248.3603626
G,Latte,1,512.5343387,324.7020173
G,Latte,1,901.4229045,433.2219916
G,Latte,1,1549.262802,303.3361003
G,Latte,1,617.868377,223.6441237
G,Latte,1,-20.60508905,270.2288278
G,Latte,1,1030.118678,270.0613117
G,Latte,1,1361.082891,416.7749565
G,Latte,1,1097.640475,88.44340342
G,Latte,1,915.441401,334.3722648
G,Latte,1,1439.478606,280.3559374
G,Latte,1,970.5749699,246.4719993
G,Latte,1,485.2140273,110.2052675
G,Latte,1,1583.303369,466.4967803
G,Latte,1,1178.065272,107.5250099
G,Latte,1,1029.537966,142.1399274
G,Latte,1,1445.853254,152.3279519
G,Latte,1,1134.87064,85.42811365
G,Latte,1,1116.428816,226.33961
G,Latte,1,1231.418505,240.1216163
G,Latte,1,384.5347828,363.5657521
G,Latte,1,1323.635356,315.3363445
G,Latte,1,1508.239134,287.7723319
G,Latte,1,430.673449,251.451796
G,Latte,1,756.2207111,379.0533769
G,Latte,1,947.9258233,207.1970885
G,Latte,1,1440.696419,37.96014283
G,Latte,1,998.0498953,11.15756706
G,Latte,1,107.8810465,230.0401929
G,Latte,1,750.1984919,309.8387707
G,Latte,1,1323.903657,144.4394665
G,Latte,1,797.4662958,305.2853786
G,Latte,1,957.4018486,420.1405072
G,Latte,1,822.2964107,257.7869503
G,Latte,1,540.0874807,13.79213843
G,Latte,1,537.8337528,248.7258522
G,Latte,1,1188.405317,373.1141697
G,Latte,1,916.6046448,246.9897763
G,Latte,1,978.0778464,413.2114322
G,Latte,1,914.3081706,211.5525071
G,Latte,1,1039.120857,195.2273019
G,Latte,1,391.7516233,51.39188818
G,Latte,1,1274.462616,494.7917722
G,Latte,1,1546.987246,79.91531114
G,Latte,1,615.4700395,466.1008332
G,Latte,1,686.6816557,461.608356
G,Latte,1,426.5061443,29.18839076
G,Latte,1,1209.692041,352.083285
G,Latte,1,964.9870344,10.94436476
G,Latte,1,1558.694262,299.6659749
G,Latte,1,1490.744094,439.5266884
G,Latte,1,160.2242855,346.5552538
G,Latte,1,1160.069555,340.3114719
G,Latte,1,1040.486918,378.0330515
G,Latte,1,495.0420271,471.8572954
G,Latte,1,1057.576324,25.27460555
G,Latte,1,911.8898242,243.1673635
G,Latte,1,1322.243829,71.85930967
G,Latte,1,1059.065621,53.61528367
G,Latte,1,920.0971044,207.5473495
G,Latte,1,774.9362931,197.4050111
G,Latte,1,549.1687853,367.7384259
G,Latte,1,1333.137757,192.0292673
G,Latte,1,607.6520231,192.5165868
G,Latte,1,731.5174707,83.66158025
G,Latte,1,1179.50864,55.86913663
G,Latte,1,1012.90922,487.6799524
G,Latte,1,629.0988176,41.34092227
G,Latte,1,1002.091235,385.3580737
G,Latte,1,1072.301952,425.8512833
G,Latte,1,1321.870027,79.67165136
G,Latte,1,791.2558112,49.47306742
G,Latte,1,564.9885361,341.1642811
G,Latte,1,1265.126652,143.145024
G,Latte,1,786.1349013,104.4488052
G,Latte,1,637.5443854,169.2470779
G,Latte,1,1414.834028,238.5682852
G,Latte,1,1248.768481,157.3991211
G,Latte,1,678.8445398,11.59920042
G,Latte,1,937.0318958,396.3989074
G,Latte,1,698.9989424,316.7373882
G,Latte,1,563.9880919,319.5090182
G,Latte,1,553.7308107,289.5540941
G,Latte,1,1299.428245,389.4698325
G,Latte,1,999.8479663,473.501999
G,Latte,1,1774.766556,73.68675802
G,Latte,1,283.0624589,451.9685659
G,Latte,1,1676.031811,334.0220038
G,Latte,1,1187.216608,230.5427412
G,Latte,1,873.6810423,370.7689444
G,Latte,1,1027.99137,346.3572802
G,Latte,1,643.6989361,322.1588183
G,Latte,1,1198.255145,157.6427808
G,Latte,1,819.1445568,206.3138218
G,Latte,1,454.3312252,122.7994324
G,Latte,1,1472.174031,259.6753136
G,Latte,1,969.5495146,218.0551775
G,Latte,1,1063.845925,399.3532823
G,Latte,1,967.3448994,437.4251228
G,Latte,1,217.2223185,66.31604968
G,Latte,1,700.1094355,227.8624836
G,Latte,1,156.8118614,31.12244026
G,Latte,1,1972.679879,224.2075869
G,Latte,1,478.9830791,185.0697348
G,Latte,1,1144.795956,386.5154576
G,Latte,1,1375.411071,155.6021302
G,Latte,1,568.4955477,97.2608417
G,Latte,1,1496.914106,170.5415204
G,Latte,1,338.1050783,85.07785272
G,Latte,1,1442.76461,201.1512803
G,Latte,1,637.6198735,233.6950896
G,Latte,1,555.9954525,361.9362774
G,Latte,1,896.0068635,434.8514664
G,Latte,1,1069.285158,178.2015748
G,Latte,1,519.0863385,300.412183
G,Latte,1,847.2315722,418.6937773
G,Latte,1,621.740096,239.4058657
G,Latte,1,823.2004484,100.2913602
G,Latte,1,726.5557224,255.0153203
G,Latte,1,684.8453859,223.6288949
G,Latte,1,1139.796464,334.0067751
G,Latte,1,1272.238901,252.2436903
G,Latte,1,1266.056156,102.956389
G,Latte,1,346.3578332,424.3284097
G,Latte,1,1072.067303,27.52845851
G,Latte,1,1457.496605,199.9329814
G,Latte,1,685.3756213,435.3692434
G,Latte,1,1314.209353,133.6270638
G,Latte,1,769.3974703,71.52427747
G,Latte,1,91.10996416,175.3233436
G,Latte,1,1019.004653,332.4229865
G,Latte,1,429.9422153,38.17334513
G,Latte,1,879.320819,382.7082736
G,Latte,1,359.1507857,236.4058046
G,Latte,1,1271.202077,444.9328898
G,Latte,1,966.2275852,451.7858211
G,Latte,1,382.7758201,456.6285592
G,Latte,1,1444.69092,336.4281442
G,Latte,1,1063.28022,353.9259621
G,Latte,1,303.7370925,67.35160375
G,Latte,1,1169.364136,179.7701346
G,Latte,1,1515.335011,195.3491317
G,Latte,1,667.3071448,16.79219947
G,Latte,1,577.3440216,413.5464644
G,Latte,1,16.3276718,494.5633412
G,Latte,1,1517.039404,111.7281411
G,Latte,1,710.4440238,387.9165014
G,Latte,1,1148.682227,312.5190283
G,Latte,1,670.5608621,127.8858303
G,Latte,1,779.9071363,110.9971618
G,Latte,1,1485.066118,48.30045473
G,Latte,1,1792.672688,315.077456
G,Latte,1,939.7067197,312.4428846
G,Latte,1,1144.46399,65.32618183
G,Latte,1,25.90283202,397.1298868
G,Latte,1,1429.393219,411.8560747
G,Latte,1,950.2382136,238.4769127
G,Latte,1,866.777068,177.1812494
G,Latte,1,637.1646714,271.7212439
G,Latte,1,944.4142643,18.16278573
G,Latte,1,793.9838406,155.3736991
G,Latte,1,479.6206349,469.6491287
G,Latte,1,405.9051798,33.90929899
G,Latte,1,1094.466338,497.9745781
G,Latte,1,1151.547135,349.5248573
G,Latte,1,590.3497959,172.414655
G,Latte,1,835.539563,480.2635578
G,Latte,1,1000.132638,262.020539
G,Latte,1,1125.374606,442.9531541
G,Latte,1,1518.147169,137.9977111
G,Latte,1,1461.074557,147.013123
G,Latte,1,810.7876647,170.7090365
G,Latte,1,1448.427124,213.2733543
G,Latte,1,428.4733814,194.6790674
G,Latte,1,1435.628715,319.5394757
G,Latte,1,554.1309883,295.0212104
G,Latte,1,661.739673,391.2211371
G,Latte,1,137.7634044,59.79815058
G,Latte,1,1356.064299,358.7382427
G,Latte,1,610.402335,276.7010407
G,Latte,1,752.2644091,145.4141057
G,Latte,1,557.8962964,211.15656
G,Latte,1,365.4190232,139.4292123
G,Latte,1,975.5530891,309.2905362
G,Latte,1,1367.201971,189.8667867
G,Latte,1,820.2373147,361.7535325
G,Latte,1,1191.509423,197.3288675
G,Latte,1,700.7679096,10.95959349
G,Latte,1,1533.546733,239.4515519
G,Latte,1,1174.18173,418.8917508
G,Latte,1,561.5870259,411.1707816
G,Latte,1,1105.876404,195.0750145
G,Latte,1,1266.753738,248.0101016
G,Latte,1,1159.049557,75.8644673
G,Latte,1,517.2036845,291.9754631
G,Latte,1,1010.809196,318.1841182
G,Latte,1,1144.944204,142.5815607
G,Latte,1,1126.882548,420.2014222
G,Latte,1,586.3707565,208.9636219
G,Latte,1,745.032562,104.2051454
G,Latte,1,914.7369974,3.055879391
G,Latte,1,791.510015,213.4560991
G,Latte,1,1507.84987,136.9773858
G,Latte,1,765.0000634,121.0785852
G,Latte,1,1013.737769,390.9165624
G,Latte,1,998.36549,207.0600299
G,Latte,1,1660.1775,244.9338969
G,Latte,1,1445.69864,327.1386151
G,Latte,1,602.9553924,285.2595904
G,Latte,1,739.2108864,164.8155156
G,Latte,1,1322.4039,409.358562
G,Latte,1,478.4501152,345.504471
G,Latte,1,451.2444002,314.0419019
G,Latte,1,407.0193108,459.4001892
G,Latte,1,737.7502379,477.3548692
G,Latte,1,1157.9186,484.1316568
G,Latte,1,1546.987246,255.38081
G,Latte,1,935.618541,399.0030213
G,Latte,1,815.6434569,358.9209876
G,Latte,1,922.1193659,273.3964049
G,Latte,1,797.2766662,493.0252388
G,Latte,1,769.3328962,161.0540178
G,Latte,1,994.5219654,276.396466
G,Latte,1,490.4699972,26.12741478
G,Latte,1,755.3066689,392.9115268
G,Latte,1,1460.257831,485.2890408
G,Latte,1,1120.336005,250.5533006
G,Latte,1,808.339305,195.7907651
G,Latte,1,481.7943272,290.7267067
G,Latte,1,1194.912297,16.89880062
G,Latte,1,1278.704499,149.206061
G,Latte,1,329.6922523,45.71156957
G,Latte,1,1663.368007,57.57475509
G,Latte,1,422.2879079,420.612598
G,Latte,1,835.8497007,376.0533158
G,Latte,1,2006.353011,385.4494461
G,Latte,1,1433.089406,434.531663
G,Latte,1,818.0199666,193.6435133
G,Latte,1,974.4007593,34.2900174
G,Latte,1,683.7485353,409.6174505
G,Latte,1,746.8119884,103.2305063
G,Latte,1,1111.69717,272.9090854
G,Latte,1,286.9532773,128.1447188
G,Latte,1,709.6218405,381.5965758
G,Latte,1,700.1094355,172.3841975
G,Latte,1,653.3932401,368.5150914
G,Latte,1,887.5594767,153.3330485
G,Latte,1,715.121555,197.4354686
G,Latte,1,880.5768311,65.14343699
G,Latte,1,422.2879079,136.2464064
G,Latte,1,347.074515,131.0686361
G,Latte,1,834.0825525,83.35700552
G,Latte,1,899.0668584,479.3650624
G,Latte,1,1270.215275,89.93581957
G,Latte,1,546.9150574,428.409711
G,Latte,1,1450.155164,448.0547807
G,Latte,1,635.3770596,399.6730857
G,Latte,1,563.6393007,397.8456374
G,Latte,1,817.7698555,441.4150517
G,Latte,1,649.1604518,157.2163762
G,Latte,1,1116.180979,340.4028443
